tweet_id,retweet_count,favorite_count
892420643555336193,8035,37356
892177421306343426,5967,32110
891815181378084864,3946,24213
891689557279858688,8194,40654
891327558926688256,8886,38877
891087950875897856,2956,19547
890971913173991426,1951,11413
890729181411237888,17915,62972
890609185150312448,4055,26878
890240255349198849,6985,30811
890006608113172480,6950,29625
889880896479866881,4731,26881
889665388333682689,9511,46441
889638837579907072,4274,26166
889531135344209921,2140,14603
889278841981685760,5088,24368
888917238123831296,4265,28128
888804989199671297,4041,24692
888554962724278272,3342,19129
888078434458587136,3296,21016
887705289381826560,5108,29139
887517139158093824,11120,44711
887473957103951883,17159,66491
887343217045368832,9905,32504
887101392804085760,5660,29531
886983233522544640,7307,33875
886736880519319552,3076,11599
886680336477933568,4225,21662
886366144734445568,3025,20429
886267009285017600,4,116
886258384151887873,5985,27020
886054160059072513,104,0
885984800019947520,6418,31478
885528943205470208,6098,34721
885518971528720385,3541,19745
885311592912609280,17586,0
885167619883638784,4157,21165
884925521741709313,17240,74666
884876753390489601,5315,26930
884562892145688576,4460,23456
884441805382717440,5391,26102
884247878851493888,19399,70364
884162670584377345,2836,19663
883838122936631299,3276,21118
883482846933004288,9404,44329
883360690899218434,3524,21913
883117836046086144,6317,35881
882992080364220416,3720,23092
882762694511734784,4648,27314
882627270321602560,5768,26974
882268110199369728,11003,43372
882045870035918850,4662,28310
881906580714921986,3234,23479
881666595344535552,10140,48894
881633300179243008,7,123
881536004380872706,15171,47726
881268444196462592,4960,22369
880935762899988482,2657,16472
880872448815771648,3632,20560
880465832366813184,5933,27546
880221127280381952,4008,26092
880095782870896641,4125,26697
879862464715927552,3324,21587
879674319642796034,10,301
879492040517615616,3020,22668
879415818425184262,42196,102291
879376492567855104,2962,16248
879130579576475649,6475,0
879050749262655488,4464,21776
879008229531029506,2560,18336
878776093423087618,3920,18749
878604707211726852,6810,29202
878404777348136964,1229,0
878316110768087041,6350,0
878281511006478336,1229,7480
878057613040115712,6475,40661
877736472329191424,18136,76992
877611172832227328,77,0
877556246731214848,3638,21968
877316821321428993,4941,26500
877201837425926144,5323,26217
876838120628539392,3185,20031
876537666061221889,4443,22802
876484053909872640,2282,18167
876120275196170240,4461,27040
875747767867523072,4082,24368
875144289856114688,4708,21233
875097192612077568,5792,26549
875021211251597312,4517,24658
874680097055178752,4435,26955
874434818259525634,13989,0
874296783580663808,3934,25220
874057562936811520,3784,21997
874012996292530176,9904,33449
873580283840344065,3770,23472
873337748698140672,1523,0
873213775632977920,1523,6984
872967104147763200,5178,26475
872820683541237760,3554,14273
872620804844003328,3514,20142
872486979161796608,8653,39536
872122724285648897,7815,33387
871879754684805121,10657,36745
871762521631449091,3351,19691
871515927908634625,3330,19603
871166179821445120,5478,0
871102520638267392,5310,20351
871032628920680449,3674,22083
870804317367881728,5974,32715
870726314365509632,3,118
870656317836468226,2550,12066
870374049280663552,25423,80646
870308999962521604,4023,21310
870063196459192321,8029,35701
869772420881756160,9727,41414
869702957897576449,6123,27563
869596645499047938,3038,15590
869227993411051520,3654,19940
868880397819494401,13994,63982
868639477480148993,2026,0
868622495443632128,5145,26114
868552278524837888,2026,9879
867900495410671616,4064,23673
867774946302451713,7134,33219
867421006826221569,2428,15771
867072653475098625,118,0
867051520902168576,7651,31557
866720684873056260,4679,19639
866686824827068416,3381,18896
866450705531457537,34328,119867
866334964761202691,13989,51479
866094527597207552,8167,0
865718153858494464,5475,25156
865359393868664832,4877,25976
865006731092295680,7488,27502
864873206498414592,8490,31702
864279568663928832,2951,14348
864197398364647424,8697,29583
863907417377173506,4040,20269
863553081350529029,4095,15042
863471782782697472,2388,0
863432100342583297,5125,23433
863427515083354112,94,2205
863079547188785154,1082,8631
863062471531167744,2388,8356
862831371563274240,5038,18885
862722525377298433,3467,16816
862457590147678208,4867,20196
862096992088072192,22783,73426
861383897657036800,10511,35639
861288531465048066,4074,16975
861005113778896900,3747,16501
860981674716409858,2118,0
860924035999428608,796,0
860563773140209665,2118,7425
860524505164394496,5205,23339
860276583193509888,3435,18123
860184849394610176,5773,16484
860177593139703809,30528,0
859924526012018688,4028,19368
859851578198683649,3467,15259
859607811541651456,1547,18408
859196978902773760,29832,89121
859074603037188101,13458,33562
858860390427611136,8043,0
858843525470990336,3455,15422
858471635011153920,4797,21341
858107933456039936,2885,15617
857989990357356544,2568,16020
857746408056729600,10563,34028
857393404942143489,1634,5861
857263160327368704,4484,19909
857214891891077121,17,227
857062103051644929,169,0
857029823797047296,3985,18834
856543823941562368,2874,16215
856526610513747968,1874,11811
856330835276025856,671,0
856288084350160898,17,516
856282028240666624,6286,27648
855862651834028034,26,345
855860136149123072,1013,4993
855857698524602368,2110,11843
855851453814013952,17865,45499
855818117272018944,5441,26601
855459453768019968,8227,29893
855245323840757760,5988,0
855138241867124737,45,0
854732716440526848,6100,22872
854482394044301312,6902,29359
854365224396361728,4714,18932
854120357044912130,7527,32098
854010172552949760,3179,16254
853760880890318849,5800,28717
853639147608842240,10198,34995
853299958564483072,3585,15608
852936405516943360,2028,0
852912242202992640,1850,9135
852672615818899456,2176,15038
852553447878664193,3547,16476
852311364735569921,10034,33418
852226086759018497,6906,20189
852189679701164033,1606,11566
851861385021730816,20,0
851591660324737024,3524,16400
851464819735769094,7179,24508
851224888060895234,5813,20904
850753642995093505,9352,31285
850380195714523136,2657,13243
850333567704068097,340,3492
850145622816686080,3875,16549
850019790995546112,4968,20712
849776966551130114,7737,30911
849668094696017920,5049,0
849412302885593088,3208,16103
849336543269576704,1941,11571
849051919805034497,8666,43056
848690551926992896,4411,25586
848324959059550208,4696,25167
848213670039564288,757,8323
848212111729840128,3128,16606
847978865427394560,3335,0
847971574464610304,442,0
847962785489326080,5212,23928
847842811428974592,1360,5548
847617282490613760,430,7110
847606175596138505,3495,19114
847251039262605312,4391,20849
847157206088847362,6001,20307
847116187444137987,3265,21827
846874817362120707,4013,20473
846514051647705089,11889,45487
846505985330044928,3156,14390
846153765933735936,9297,32309
846139713627017216,10207,31542
846042936437604353,2951,16329
845812042753855489,8957,29894
845677943972139009,4914,25700
845397057150107648,1853,7796
845306882940190720,5548,23846
845098359547420673,7872,0
844979544864018432,2636,13921
844973813909606400,3300,15442
844580511645339650,3224,16852
844223788422217728,2268,13942
843981021012017153,3019,15497
843856843873095681,4766,21936
843604394117681152,2833,17281
843235543001513987,6216,22038
842846295480000512,3731,15607
842765311967449089,1320,6913
842535590457499648,3615,18537
842163532590374912,5988,25083
842115215311396866,3133,14349
841833993020538882,15718,0
841680585030541313,8031,26310
841439858740625411,3805,12958
841320156043304961,5654,20297
841314665196081154,4831,16236
841077006473256960,5478,23457
840761248237133825,1820,0
840728873075638272,16721,0
840698636975636481,2,181
840696689258311684,1015,12609
840632337062862849,1820,9227
840370681858686976,4708,16914
840268004936019968,5918,19794
839990271299457024,2371,13787
839549326359670784,8043,28241
839290600511926273,148,0
839239871831150596,6769,27963
838952994649550848,4130,20181
838921590096166913,2143,11487
838916489579200512,36,0
838831947270979586,11448,0
838561493054533637,1375,11236
838476387338051585,4972,23226
838201503651401729,10439,0
838150277551247360,348,1727
838085839343206401,1,145
838083903487373313,3271,18136
837820167694528512,8167,35178
837482249356513284,460,3945
837471256429613056,2364,13171
837110210464448512,2476,16533
836989968035819520,2379,13101
836753516572119041,4816,19870
836677758902222849,2306,12991
836648853927522308,568,0
836397794269200385,28733,0
836380477523124226,3096,15203
836260088725786625,4461,21938
836001077879255040,4447,19677
835685285446955009,8465,0
835574547218894849,3766,18349
835536468978302976,1775,0
835309094223372289,21883,0
835297930240217089,3123,16953
835264098648616962,1775,7970
835246439529840640,73,2165
835172783151792128,5991,26974
835152434251116546,3150,23167
834931633769889797,1721,11171
834786237630337024,5722,21919
834574053763584002,2643,14114
834477809192075265,11139,0
834458053273591808,1758,9929
834209720923721728,4972,21277
834167344700198914,3801,16301
834089966724603904,2215,10370
834086379323871233,2301,13481
833863086058651648,2502,13864
833826103416520705,3904,18609
833732339549220864,225,0
833722901757046785,3354,21437
833479644947025920,2139,15336
833124694597443584,5049,20874
832998151111966721,2310,13726
832769181346996225,39,0
832757312314028032,3778,17384
832682457690300417,3053,12282
832645525019123713,546,3027
832636094638288896,2909,16378
832397543355072512,2318,12337
832369877331693569,3335,17755
832273440279240704,2445,11702
832215909146226688,6490,0
832215726631055365,9796,0
832088576586297345,2,67
832040443403784192,10100,0
832032802820481025,4874,18456
831939777352105988,6413,24807
831926988323639298,34,352
831911600680497154,6808,28613
831670449226514432,1896,10810
831650051525054464,2028,7430
831552930092285952,2405,9303
831322785565769729,1611,9558
831315979191906304,1171,6761
831309418084069378,2568,12154
831262627380748289,2139,12335
830956169170665475,1562,8252
830583320585068544,17586,69272
830173239259324417,5971,0
830097400375152640,3120,10180
829878982036299777,5269,0
829861396166877184,2052,12680
829501995190984704,11139,32919
829449946868879360,2119,10857
829141528400556032,7745,25348
829011960981237760,17085,54996
828801551087042563,3563,0
828770345708580865,6159,26503
828708714936930305,11788,37938
828650029636317184,1418,9869
828409743546925057,1215,6557
828408677031882754,1358,7963
828381636999917570,2335,13102
828376505180889089,1124,7668
828372645993398273,3098,13035
828361771580813312,178,2287
828046555563323392,3008,12204
828011680017821696,2259,10751
827933404142436356,5496,20876
827653905312006145,3158,16047
827600520311402496,990,7689
827324948884643840,3206,16444
827199976799354881,2360,10978
826958653328592898,5269,22402
826848821049180160,10726,37831
826615380357632002,4168,0
826598799820865537,265,5300
826598365270007810,2472,10448
826476773533745153,4433,19150
826240494070030336,2730,13800
826204788643753985,975,5067
826115272272650244,3298,16283
825876512159186944,1975,10871
825829644528148480,2615,13244
825535076884762624,18162,54251
825147591692263424,4788,19035
825120256414846976,1351,0
825026590719483904,1351,6591
824796380199809024,5792,0
824775126675836928,3708,15543
824663926340194305,1828,10492
824325613288833024,11004,12284
824297048279236611,4067,15678
824025158776213504,621,4986
823939628516474880,2865,11073
823719002937630720,11805,0
823699002998870016,2654,14497
823581115634085888,2784,13562
823333489516937216,26,729
823322678127919110,4241,16397
823269594223824897,10408,0
822975315408461824,3629,18012
822872901745569793,45908,137529
822859134160621569,2415,13811
822647212903690241,6747,0
822610361945911296,3119,15409
822489057087389700,6747,18927
822462944365645825,15324,29519
822244816520155136,10408,36497
822163064745328640,5066,0
821886076407029760,2459,11817
821813639212650496,3530,0
821765923262631936,1745,8772
821522889702862852,1874,8370
821421320206483457,5912,0
821407182352777218,4578,12285
821153421864615936,10,265
821149554670182400,2121,9078
821107785811234820,2247,10005
821044531881721856,2421,13201
820837357901512704,7104,0
820749716845686786,10439,32902
820690176645140481,3408,12738
820494788566847489,601,0
820446719150292993,2716,0
820314633777061888,601,3481
820078625395449857,6623,20687
820013781606658049,1254,0
819952236453363712,1254,5560
819924195358416896,5137,13460
819711362133872643,3300,14036
819588359383371776,2088,10015
819347104292290561,1273,7540
819238181065359361,429,2386
819227688460238848,7104,24122
819015337530290176,38923,0
819015331746349057,20018,0
819006400881917954,20018,47240
819004803107983360,38923,90669
818646164899774465,22159,0
818627210458333184,7951,23341
818614493328580609,2731,10297
818588835076603904,6511,0
818536468981415936,2618,11399
818307523543449600,8606,0
818259473185828864,2413,11520
818145370475810820,2734,12823
817908911860748288,839,5076
817827839487737858,28733,54144
817777686764523521,2847,11212
817536400337801217,3175,12327
817502432452313088,3597,0
817423860136083457,15718,35620
817415592588222464,1019,5869
817181837579653120,8982,0
817171292965273600,2137,9138
817120970343411712,2756,12761
817056546584727552,1743,8984
816829038950027264,4996,0
816816676327063552,2162,10491
816697700272001025,2326,10252
816450570814898180,8606,31969
816336735214911488,2065,9006
816091915477250048,2287,9350
816062466425819140,1098,0
816014286006976512,5607,0
815990720817401858,1098,5210
815966073409433600,8981,23460
815745968457060357,4391,0
815736392542261248,2405,10301
815639385530101762,1738,8611
815390420867969024,4031,10850
814986499976527872,1365,8014
814638523311648768,2873,11804
814578408554463233,6168,0
814530161257443328,1963,9054
814153002265309185,9212,30188
813944609378369540,3378,0
813910438903693312,1986,9747
813812741911748608,14843,38148
813800681631023104,1870,8752
813217897535406080,7769,19570
813202720496779264,1910,9650
813187593374461952,4641,20825
813172488309972993,2036,9752
813157409116065792,2351,8137
813142292504645637,2513,8862
813130366689148928,475,4685
813127251579564032,3326,12427
813112105746448384,2928,10813
813096984823349248,3839,11039
813081950185472002,2944,10349
813066809284972545,2071,8357
813051746834595840,7802,21981
812781120811126785,2034,7955
812709060537683968,1516,6953
812503143955202048,1301,6367
812466873996607488,2049,8380
812372279581671427,3899,14369
811985624773361665,1493,7621
811744202451197953,1693,7929
811647686436880384,788,5870
811627233043480576,3301,13409
811386762094317568,6784,21921
810984652412424192,1535,5607
810896069567610880,1890,9489
810657578271330305,2821,11521
810284430598270976,12090,37095
810254108431155201,3563,15424
809920764300447744,4168,16266
809808892968534016,5196,0
809448704142938112,1558,7283
809220051211603969,5971,20925
809084759137812480,3747,13890
808838249661788160,3248,10620
808733504066486276,2307,8310
808501579447930884,2763,11857
808344865868283904,22159,44703
808134635716833280,6323,0
808106460588765185,2349,9211
808001312164028416,3766,13199
807621403335917568,3889,15297
807106840509214720,59155,124648
807059379405148160,7790,0
807010152071229440,4085,13726
806629075125202948,36991,78775
806620845233815552,5896,0
806576416489959424,2059,5110
806542213899489280,2505,10746
806242860592926720,12409,0
806219024703037440,1270,6764
805958939288408065,5713,0
805932879469572096,2039,8704
805826884734976000,1950,6911
805823200554876929,8552,0
805520635690676224,1754,6049
805487436403003392,2693,9243
805207613751304193,1815,8197
804738756058218496,4085,14412
804475857670639616,2145,6450
804413760345620481,3435,0
804026241225523202,17228,46871
803773340896923648,2941,10559
803692223237865472,7905,0
803638050916102144,4380,11531
803380650405482500,1978,8154
803321560782307329,5661,0
803276597545603072,2621,10545
802952499103731712,2136,9498
802624713319034886,3100,0
802600418706604034,1573,7478
802572683846291456,2675,9413
802323869084381190,6209,17052
802265048156610565,1447,6945
802239329049477120,2789,9533
802185808107208704,283,0
801958328846974976,1815,8131
801854953262350336,248,1859
801538201127157760,2199,8622
801285448605831168,884,6369
801167903437357056,6323,25799
801127390143516673,4217,0
801115127852503040,2234,8497
800859414831898624,101,723
800855607700029440,1725,0
800751577355128832,2960,11075
800513324630806528,3205,13819
800459316964663297,2303,9984
800443802682937345,4595,0
800388270626521089,2990,11732
800188575492947969,4211,0
800141422401830912,2716,16116
800018252395122689,14038,29872
799774291445383169,4984,0
799757965289017345,2310,8832
799422933579902976,2045,8476
799308762079035393,5864,0
799297110730567681,2946,10420
799063482566066176,2631,8503
798933969379225600,4772,13806
798925684722855936,1515,7847
798705661114773508,7051,0
798701998996647937,8295,0
798697898615730177,6915,0
798694562394996736,5281,0
798686750113755136,2473,0
798682547630837760,5014,0
798673117451325440,5917,0
798665375516884993,4154,0
798644042770751489,1978,0
798628517273620480,2096,0
798585098161549313,6091,0
798576900688019456,6224,0
798340744599797760,3582,0
798209839306514432,2727,10927
797971864723324932,3337,12259
797545162159308800,5172,15294
797236660651966464,7070,21002
797165961484890113,28,237
796904159865868288,9474,0
796865951799083009,2024,8086
796759840936919040,3258,12478
796563435802726400,7762,0
796484825502875648,1878,7983
796387464403357696,4441,11584
796177847564038144,15243,0
796149749086875649,15243,34004
796125600683540480,1914,5213
796116448414461957,2573,9599
796080075804475393,2473,8914
796031486298386433,3940,11396
795464331001561088,25337,52387
795400264262053889,3071,10624
795076730285391872,5792,17074
794983741416415232,3597,0
794926597468000259,2457,10814
794355576146903043,10957,0
794332329137291264,2833,10083
794205286408003585,3534,9695
793962221541933056,5196,17696
793845145112371200,1990,9709
793614319594401792,3326,0
793601777308463104,1734,8400
793500921481273345,2533,11263
793286476301799424,9797,25904
793271401113350145,2535,9131
793256262322548741,8902,21056
793241302385262592,3495,11072
793226087023144960,3057,10366
793210959003287553,2989,9410
793195938047070209,6001,16092
793180763617361921,2126,7307
793165685325201412,2964,9919
793150605191548928,1810,6509
793135492858580992,2648,6799
793120401413079041,4164,13363
792913359805018113,4249,15099
792883833364439040,4545,11899
792773781206999040,1788,7733
792394556390137856,4566,14134
792050063153438720,1923,7543
791821351946420224,22445,0
791784077045166082,10256,0
791780927877898241,4066,0
791774931465953280,23632,47504
791672322847637504,3326,12360
791406955684368384,4391,13800
791312159183634433,2698,9243
791026214425268224,4376,0
790987426131050500,2268,10384
790946055508652032,4996,17504
790723298204217344,2460,0
790698755171364864,2039,8636
790581949425475584,7639,21754
790337589677002753,1985,8227
790277117346975746,3378,13211
790227638568808452,3800,0
789986466051088384,2460,9723
789960241177853952,4393,0
789903600034189313,4393,10907
789628658055020548,1892,7898
789599242079838210,2047,7115
789530877013393408,3597,12383
789314372632018944,2442,9068
789280767834746880,5254,0
789268448748703744,2765,9593
789137962068021249,2977,10206
788908386943430656,13205,28818
788765914992902144,10957,28816
788552643979468800,7663,0
788412144018661376,5622,16363
788178268662984705,2247,7603
788150585577050112,1381,6451
788070120937619456,3638,0
788039637453406209,1408,6465
787810552592695296,3252,9125
787717603741622272,2960,10750
787397959788929025,3011,11407
787322443945877504,1854,8192
787111942498508800,7169,0
786963064373534720,8465,27961
786729988674449408,2552,0
786709082849828864,6490,19132
786664955043049472,2715,11185
786595970293370880,3306,9892
786363235746385920,3720,11448
786286427768250368,3042,8373
786233965241827333,5066,16053
786051337297522688,162,1501
786036967502913536,7499,0
785927819176054784,3366,11950
785872687017132033,1933,7020
785639753186217984,2362,8206
785533386513321988,2121,9565
785515384317313025,1342,6401
785264754247995392,1735,7626
785170936622350336,5144,12651
784826020293709826,3435,10622
784517518371221505,2691,9396
784431430411685888,1365,5981
784183165795655680,8552,21113
784057939640352768,11805,31324
783839966405230592,11448,31490
783821107061198850,2076,7712
783695101801398276,3405,10946
783466772167098368,2376,8865
783391753726550016,5832,17689
783347506784731136,5934,0
783334639985389568,12409,30605
783085703974514689,2348,8539
782969140009107456,7790,25286
782747134529531904,1484,7836
782722598790725632,5713,18107
782598640137187329,1990,8162
782305867769217024,5912,17461
782021823840026624,6580,0
781955203444699136,3558,11654
781661882474196992,2863,10943
781655249211752448,1189,4191
781524693396357120,5896,21738
781308096455073793,2692,7470
781251288990355457,2214,8836
781163403222056960,2897,10251
780931614150983680,7762,22651
780858289093574656,2122,7531
780800785462489090,1380,5757
780601303617732608,3530,12676
780543529827336192,1831,6600
780496263422808064,3913,0
780476555013349377,121,0
780459368902959104,1138,5536
780192070812196864,2369,9100
780092040432480260,2439,0
780074436359819264,5284,12797
779834332596887552,7499,19840
779377524342161408,3287,9234
779124354206535695,19468,0
779123168116150273,3873,12370
779056095788752897,4791,15486
778990705243029504,7644,20929
778774459159379968,10516,0
778764940568104960,384,901
778748913645780993,1392,7215
778650543019483137,1590,6033
778624900596654080,1066,4849
778408200802557953,4580,14295
778396591732486144,12941,0
778383385161035776,1164,6119
778286810187399168,3476,10875
778039087836069888,2783,8873
778027034220126208,1708,6855
777953400541634568,3741,0
777885040357281792,1722,6646
777684233540206592,3100,11745
777641927919427584,4474,0
777621514455814149,2629,9156
777189768882946048,4549,14948
776819012571455488,14482,0
776813020089548800,1285,5096
776477788987613185,2937,9244
776249906839351296,9664,0
776218204058357768,16857,31330
776201521193218049,2663,10043
776113305656188928,4595,12272
776088319444877312,159,1920
775898661951791106,17343,0
775842724423557120,2820,12249
775733305207554048,4217,14474
775729183532220416,4842,13512
775364825476165632,3143,7753
775350846108426240,4112,10612
775085132600442880,4984,16256
774757898236878852,1875,8945
774639387460112384,1823,7015
774314403806253056,5864,22756
773985732834758656,4081,11190
773922284943896577,1836,6682
773704687002451968,1712,6898
773670353721753600,1372,5556
773547596996571136,6511,23061
773336787167145985,5366,0
773308824254029826,7872,24281
773247561583001600,3414,9841
773191612633579521,4355,10426
772877495989305348,4084,8937
772826264096874500,2468,8372
772615324260794368,3550,0
772581559778025472,1781,6763
772193107915964416,1458,6309
772152991789019136,1182,3957
772117678702071809,781,3929
772114945936949249,498,2832
772102971039580160,982,4179
771908950375665664,1995,6857
771770456517009408,3582,12527
771500966810099713,2756,8624
771380798096281600,5366,10956
771171053431250945,7937,0
771136648247640064,3073,9545
771102124360998913,1510,6515
771014301343748096,1736,7159
771004394259247104,229,0
770787852854652928,1277,5151
770772759874076672,1491,5407
770655142660169732,1844,7633
770414278348247044,2188,6571
770293558247038976,1567,6500
770093767776997377,3212,0
770069151037685760,2412,7894
769940425801170949,10100,32702
769695466921623552,1745,6662
769335591808995329,8100,0
769212283578875904,1803,5635
768970937022709760,6866,15027
768909767477751808,2826,0
768855141948723200,937,4377
768609597686943744,1265,4288
768596291618299904,1343,5240
768554158521745409,6123,0
768473857036525572,3613,14206
768193404517830656,3741,11351
767884188863397888,1462,4963
767754930266464257,5661,16704
767500508068192258,2453,7797
767191397493538821,3981,12779
767122157629476866,2994,10552
766864461642756096,5947,0
766793450729734144,1419,5291
766714921925144576,400,2716
766693177336135680,833,4190
766423258543644672,1675,6269
766313316352462849,1975,7061
766078092750233600,2739,0
766069199026450432,896,4436
766008592277377025,521,3908
765719909049503744,2247,7529
765669560888528897,1278,5412
765395769549590528,3571,27573
765371061932261376,2265,7379
765222098633691136,3550,12090
764857477905154048,1860,6697
764259802650378240,1586,6278
763956972077010945,57,778
763837565564780549,4376,13100
763183847194451968,1551,5605
763167063695355904,3169,0
763103485927849985,2395,7660
762699858130116608,3800,12649
762471784394268675,6777,11711
762464539388485633,4393,10720
762316489655476224,1180,4994
762035686371364864,16350,33221
761976711479193600,2110,5611
761750502866649088,4129,0
761745352076779520,897,4430
761672994376806400,30528,51496
761599872357261312,1236,4287
761371037149827077,18914,0
761334018830917632,1521,5403
761292947749015552,1149,4640
761227390836215808,1633,5516
761004547850530816,3638,11773
760893934457552897,1023,3964
760656994973933572,2000,6876
760641137271070720,1348,5153
760539183865880579,3802,7878
760521673607086080,1466,4396
760290219849637889,12056,27874
760252756032651264,907,4106
760190180481531904,1890,5925
760153949710192640,31,0
759943073749200896,2186,6167
759923798737051648,5947,15234
759846353224826880,2069,6972
759793422261743616,1992,6193
759566828574212096,22114,0
759557299618865152,1230,4877
759447681597108224,2552,8830
759446261539934208,505,1733
759197388317847553,2044,6293
759159934323924993,1223,0
759099523532779520,4363,15081
759047813560868866,2118,6747
758854675097526272,935,3688
758828659922702336,4028,11608
758740312047005698,1685,5949
758474966123810816,1042,3957
758467244762497024,2326,4983
758405701903519748,2019,5394
758355060040593408,1134,3543
758099635764359168,10516,19881
758041019896193024,390,2804
757741869644341248,3409,7135
757729163776290825,8438,0
757725642876129280,1268,4704
757611664640446465,1159,4738
757597904299253760,309,0
757596066325864448,1104,4493
757400162377592832,7166,15711
757393109802180609,1817,6036
757354760399941633,1492,4684
756998049151549440,2076,6518
756939218950160384,2105,6888
756651752796094464,1367,5240
756526248105566208,3764,10794
756303284449767430,1140,4092
756288534030475264,18255,44415
756275833623502848,1597,6661
755955933503782912,3016,7603
755206590534418437,5595,17054
755110668769038337,11594,22010
754874841593970688,8325,0
754856583969079297,2639,7133
754747087846248448,548,2668
754482103782404096,2041,5506
754449512966619136,761,3887
754120377874386944,2449,8149
753655901052166144,2256,6041
753420520834629632,3724,8216
753398408988139520,2005,5977
753375668877008896,2439,7910
753298634498793472,6002,0
753294487569522689,1092,3501
753039830821511168,21883,38479
753026973505581056,1015,4047
752932432744185856,7169,13089
752917284578922496,1651,7146
752701944171524096,3008,0
752682090207055872,1675,6203
752660715232722944,1640,4549
752568224206688256,2388,5726
752519690950500352,3594,7634
752334515931054080,1153,3941
752309394570878976,17251,0
752173152931807232,1917,6157
751950017322246144,972,3177
751937170840121344,1403,5383
751830394383790080,2037,5997
751793661361422336,3030,6061
751598357617971201,3172,8183
751583847268179968,1156,4550
751538714308972544,1318,5220
751456908746354688,1047,3312
751251247299190784,6153,12948
751205363882532864,1905,6532
751132876104687617,1354,5238
750868782890057730,1441,4948
750719632563142656,5254,13649
750506206503038976,1187,4594
750429297815552001,4474,13616
750383411068534784,1190,4714
750381685133418496,29,727
750147208377409536,1002,3218
750132105863102464,1345,3763
750117059602808832,1362,4483
750101899009982464,879,3147
750086836815486976,563,2247
750071704093859840,3489,8142
750056684286914561,941,3256
750041628174217216,648,3284
750026558547456000,821,2801
750011400160841729,947,3345
749996283729883136,848,3162
749981277374128128,2555,5287
749774190421639168,1369,4816
749417653287129088,1727,6306
749403093750648834,558,2710
749395845976588288,3594,8875
749317047558017024,2321,5664
749075273010798592,2150,5951
749064354620928000,1579,4954
749036806121881602,819,3206
748977405889503236,3548,11089
748932637671223296,2356,6025
748705597323898880,985,2857
748699167502000129,1659,4896
748692773788876800,1376,4380
748575535303884801,2062,6270
748568946752774144,695,2258
748346686624440324,1289,5385
748337862848962560,4275,7919
748324050481647620,792,3804
748307329658011649,736,3781
748220828303695873,8131,14619
747963614829678593,2229,5961
747933425676525569,2651,6833
747885874273214464,1022,3044
747844099428986880,777,2902
747816857231626240,1211,5000
747651430853525504,161,1425
747648653817413632,6082,13327
747600769478692864,577,2395
747594051852075008,1092,3807
747512671126323200,1655,5703
747461612269887489,1073,3991
747439450712596480,1999,5601
747242308580548608,2993,0
747219827526344708,1639,5461
747204161125646336,953,3483
747103485104099331,4141,9880
746906459439529985,310,2983
746872823977771008,2225,6179
746818907684614144,1802,5461
746790600704425984,1654,5022
746757706116112384,4066,9869
746726898085036033,1858,6226
746542875601690625,1937,5194
746521445350707200,1019,0
746507379341139972,1118,4789
746369468511756288,1703,6365
746131877086527488,2294,7127
746056683365994496,843,3657
745789745784041472,1110,4144
745712589599014916,2416,7206
745433870967832576,2643,7303
745422732645535745,2529,8850
745314880350101504,2881,7388
745074613265149952,3649,8071
745057283344719872,2364,7455
744995568523612160,642,3053
744971049620602880,2796,8128
744709971296780288,1623,5774
744334592493166593,2208,6973
744234799360020481,81101,161310
744223424764059648,383,1729
743980027717509120,1137,4290
743895849529389061,992,3747
743835915802583040,2165,0
743609206067040256,1432,4618
743595368194129920,6809,18980
743545585370791937,976,3637
743510151680958465,3847,8147
743253157753532416,1270,4354
743222593470234624,1972,6385
743210557239623680,1418,3960
742534281772302336,3684,7254
742528092657332225,2051,4549
742465774154047488,4027,7471
742423170473463808,3913,10101
742385895052087300,2052,7001
742161199639494656,1434,4470
742150209887731712,1602,5283
741793263812808706,1564,4672
741743634094141440,2869,8411
741438259667034112,863,3769
741303864243200000,3336,9035
741099773336379392,5735,10306
741067306818797568,3212,9741
740995100998766593,2858,6558
740711788199743490,968,3507
740699697422163968,810,2916
740676976021798912,7050,18682
740373189193256964,13777,35844
740365076218183684,444,2540
740359016048689152,886,3389
740214038584557568,2038,6875
739979191639244800,6123,20532
739932936087216128,1119,4167
739844404073074688,887,3907
739623569819336705,1405,3895
739606147276148736,1713,5511
739544079319588864,22114,40750
739485634323156992,3037,7375
739238157791694849,60126,119180
738891149612572673,6,112
738885046782832640,1182,3876
738883359779196928,831,3405
738537504001953792,1611,5235
738402415918125056,865,3325
738184450748633089,1251,4430
738166403467907072,3515,9024
738156290900254721,669,2578
737826014890496000,1824,5410
737800304142471168,3594,10267
737678689543020544,1376,5171
737445876994609152,4608,10552
737322739594330112,837,3693
737310737551491075,7658,15082
736736130620620800,1795,4406
736392552031657984,7663,18205
736365877722001409,1286,4094
736225175608430592,2871,8334
736010884653420544,3091,8104
735991953473572864,1187,3690
735648611367784448,1141,4119
735635087207878657,2421,6344
735274964362878976,5231,13348
735256018284875776,912,3426
735137028879360001,996,3203
734912297295085568,539,2815
734787690684657664,6494,12890
734776360183431168,562,2580
734559631394082816,410,1528
733828123016450049,808,3669
733822306246479872,1045,3761
733482008106668032,977,3220
733460102733135873,1326,4314
733109485275860992,17343,50546
732732193018155009,550,2504
732726085725589504,912,3634
732585889486888962,798,3769
732375214819057664,2600,8299
732005617171337216,5607,15299
731285275100512256,1010,3573
731156023742988288,1310,3927
730924654643314689,2045,6298
730573383004487680,2213,5037
730427201120833536,1082,3570
730211855403241472,1085,3921
730196704625098752,1988,4985
729854734790754305,1166,4141
729838605770891264,396,1755
729823566028484608,1280,4086
729463711119904772,2393,5935
729113531270991872,335,1928
728986383096946689,843,3230
728760639972315136,1764,4791
728751179681943552,700,2846
728653952833728512,1068,3389
728409960103686147,2069,5036
728387165835677696,989,3768
728046963732717569,1220,4421
728035342121635841,1716,4669
728015554473250816,1139,4206
727685679342333952,656,3017
727644517743104000,1804,6026
727524757080539137,1263,4572
727314416056803329,770,3418
727286334147182592,839,3115
727175381690781696,1426,3995
727155742655025152,1370,3730
726935089318363137,2530,7061
726887082820554753,1560,3927
726828223124897792,1032,3647
726224900189511680,1180,4516
725842289046749185,2739,7220
725786712245440512,1406,4259
725729321944506368,1844,5317
725458796924002305,635,1442
724983749226668032,1347,3807
724771698126512129,659,2429
724405726123311104,1688,5412
724049859469295616,1828,4429
724046343203856385,577,2721
724004602748780546,1613,4288
723912936180330496,1270,3986
723688335806480385,3052,7860
723673163800948736,919,3090
723179728551723008,1921,5411
722974582966214656,1606,4202
722613351520608256,1684,5087
721503162398597120,1918,4739
721001180231503872,632,2590
720785406564900865,791,3192
720775346191278080,688,2546
720415127506415616,1546,4230
720389942216527872,2585,6532
720340705894408192,1007,2939
720059472081784833,1149,3971
720043174954147842,2067,5021
719991154352222208,1790,4949
719704490224398336,1486,4662
719551379208073216,1973,5175
719367763014393856,763,2861
719339463458033665,1283,4518
719332531645071360,982,3500
718971898235854848,1115,3567
718939241951195136,1815,5371
718631497683582976,8295,19300
718613305783398402,496,2492
718540630683709445,1046,2533
718460005985447936,540,2766
718454725339934721,1547,4971
718246886998687744,515,1977
718234618122661888,1033,3973
717841801130979328,615,2519
717790033953034240,1151,2951
717537687239008257,1894,5898
717428917016076293,463,1651
717421804990701568,868,3227
717047459982213120,1983,6432
717009362452090881,1001,3330
716802964044845056,1215,4398
716791146589110272,1577,7455
716730379797970944,442,1265
716447146686459905,6077,13387
716439118184652801,217,2426
716285507865542656,1110,2841
716080869887381504,1968,6897
715928423106027520,902,3264
715758151270801409,1477,3809
715733265223708672,1733,4776
715704790270025728,583,2872
715696743237730304,1331,4001
715680795826982913,1668,4427
715360349751484417,1616,5599
715342466308784130,712,3107
715220193576927233,673,2477
715200624753819648,1941,5255
715009755312439296,1272,4272
714982300363173890,1063,3835
714962719905021952,4412,7535
714957620017307648,1453,4223
714631576617938945,1028,3343
714606013974974464,948,3721
714485234495041536,1184,2758
714258258790387713,736,3099
714251586676113411,853,3354
714214115368108032,902,2330
714141408463036416,1441,4413
713919462244790272,800,3370
713909862279876608,550,1966
713900603437621249,758,2911
713761197720473600,1417,4991
713411074226274305,1331,4529
713177543487135744,2919,7400
713175907180089344,1507,4576
712809025985978368,6915,19007
712717840512598017,5148,12658
712668654853337088,1247,4270
712438159032893441,1604,5459
712309440758808576,25,248
712097430750289920,1070,3881
712092745624633345,917,3013
712085617388212225,498,3339
712065007010385924,649,2320
711998809858043904,130,0
711968124745228288,2384,8268
711743778164514816,1014,2921
711732680602345472,4251,9105
711694788429553666,18914,33680
711652651650457602,942,3956
711363825979756544,1170,3756
711306686208872448,748,3395
711008018775851008,630,3066
710997087345876993,1422,4679
710844581445812225,715,2613
710833117892898816,551,2759
710658690886586372,577,2370
710609963652087808,2444,4917
710588934686908417,1923,4662
710296729921429505,762,2436
710283270106132480,534,2199
710272297844797440,1283,4650
710269109699739648,1162,2457
710153181850935296,917,2982
710140971284037632,910,2842
710117014656950272,2051,5643
709918798883774466,1091,3064
709901256215666688,104,692
709852847387627521,1234,3600
709566166965075968,1240,3629
709556954897764353,1097,3375
709519240576036864,241,1529
709449600415961088,591,2289
709409458133323776,704,2688
709225125749587968,587,2465
709207347839836162,6008,12893
709198395643068416,664,2487
709179584944730112,688,2057
709158332880297985,429,2098
709042156699303936,1691,4876
708853462201716736,675,1838
708845821941387268,923,3070
708834316713893888,518,1724
708810915978854401,7146,16924
708738143638450176,843,2815
708711088997666817,745,2613
708479650088034305,696,2620
708469915515297792,842,3169
708400866336894977,10424,16418
708356463048204288,1365,3688
708349470027751425,759,2412
708149363256774660,1595,4390
708130923141795840,870,3479
708119489313951744,1009,2757
708109389455101952,558,1986
708026248782585858,1983,4487
707995814724026368,1161,3220
707983188426153984,2,51
707969809498152960,997,2772
707776935007539200,981,3371
707741517457260545,631,2557
707738799544082433,2551,4197
707693576495472641,1031,3514
707629649552134146,910,2641
707610948723478529,6580,17413
707420581654872064,714,2337
707411934438625280,613,2346
707387676719185920,1334,3596
707377100785885184,1113,3366
707315916783140866,661,2538
707297311098011648,818,2851
707059547140169728,696,2652
707038192327901184,812,2245
707021089608753152,1416,4192
707014260413456384,610,2364
706904523814649856,8100,14972
706901761596989440,614,2121
706681918348251136,1001,3415
706644897839910912,1130,2646
706593038911545345,649,2216
706538006853918722,1466,3554
706516534877929472,1059,3180
706346369204748288,954,3540
706310011488698368,8223,21939
706291001778950144,484,1746
706265994973601792,957,2806
706169069255446529,2294,4018
706166467411222528,1654,5294
706153300320784384,392,1523
705975130514706432,757,3191
705970349788291072,918,3231
705898680587526145,571,2423
705786532653883392,536,2000
705591895322394625,1187,3255
705475953783398401,947,3026
705442520700944385,1681,4555
705428427625635840,1741,3909
705239209544720384,772,3077
705223444686888960,823,2640
705102439679201280,527,2209
705066031337840642,631,2233
704871453724954624,1151,4388
704859558691414016,562,2312
704847917308362754,1586,5233
704819833553219584,1020,2714
704761120771465216,2993,6802
704499785726889984,1037,3005
704491224099647488,83,779
704480331685040129,1095,3476
704364645503647744,3674,8220
704347321748819968,359,1628
704134088924532736,479,1546
704113298707505153,583,1897
704054845121142784,941,3008
703774238772166656,480,1885
703769065844768768,1178,3373
703631701117943808,705,2664
703611486317502464,1572,3957
703425003149250560,1417,3891
703407252292673536,718,2522
703382836347330562,1171,3601
703356393781329922,398,1962
703268521220972544,561,2021
703079050210877440,3196,7602
703041949650034688,12941,27075
702932127499816960,745,2663
702899151802126337,471,1648
702684942141153280,1108,3319
702671118226825216,574,2260
702598099714314240,3548,12515
702539513671897089,989,2952
702332542343577600,1611,3272
702321140488925184,1072,3365
702276748847800320,788,2538
702217446468493312,1383,4931
701981390485725185,1027,3546
701952816642965504,1057,3930
701889187134500865,1434,3636
701805642395348998,1742,3527
701601587219795968,474,2142
701570477911896070,956,2891
701545186879471618,634,2726
701214700881756160,5281,12561
700890391244103680,588,2273
700864154249383937,637,2661
700847567345688576,518,2514
700796979434098688,986,2505
700747788515020802,9664,23513
700518061187723268,824,2695
700505138482569216,591,2345
700462010979500032,1854,4240
700167517596164096,771,2715
700151421916807169,693,2299
700143752053182464,2826,7738
700062718104104960,716,2724
700029284593901568,603,2130
700002074055016451,1382,3409
699801817392291840,987,3143
699788877217865730,519,2297
699779630832685056,1286,2833
699775878809702401,623,2008
699691744225525762,4779,10542
699446877801091073,2699,6101
699434518667751424,526,2218
699423671849451520,338,1413
699413908797464576,636,2133
699370870310113280,452,1939
699323444782047232,896,3253
699088579889332224,653,2300
699079609774645248,678,2515
699072405256409088,1228,3077
699060279947165696,1866,3873
699036661657767936,1233,2675
698989035503689728,1012,3467
698953797952008193,935,2779
698907974262222848,646,2611
698710712454139905,703,2534
698703483621523456,394,1494
698635131305795584,351,1327
698549713696649216,641,2393
698355670425473025,465,1921
698342080612007937,981,2323
698262614669991936,2067,4886
698195409219559425,6168,17247
698178924120031232,767,2893
697995514407682048,343,1564
697990423684476929,1336,3375
697943111201378304,708,2457
697881462549430272,1225,3101
697630435728322560,555,1801
697616773278015490,1040,3243
697596423848730625,1302,3116
697575480820686848,513,2099
697516214579523584,1163,2131
697482927769255936,695,2483
697463031882764288,1428,3510
697270446429966336,1936,4813
697259378236399616,1037,3381
697255105972801536,1201,3107
697242256848379904,691,2583
696900204696625153,1052,3263
696894894812565505,694,2407
696886256886657024,1867,5002
696877980375769088,727,2510
696754882863349760,370,1526
696744641916489729,970,2125
696713835009417216,669,2440
696518437233913856,1764,4017
696490539101908992,147,1249
696488710901260288,1061,2612
696405997980676096,1187,3292
696100768806522880,680,1988
695816827381944320,1207,3093
695794761660297217,806,3255
695767669421768709,770,1922
695629776980148225,2169,4703
695446424020918272,1880,4507
695409464418041856,3702,8904
695314793360662529,1508,3736
695095422348574720,638,2708
695074328191332352,1140,2925
695064344191721472,617,1641
695051054296211456,810,2738
694925794720792577,945,2766
694905863685980160,963,2828
694669722378485760,14912,36776
694356675654983680,294,1547
694352839993344000,637,2098
694342028726001664,495,1610
694329668942569472,517,2056
694206574471057408,2097,4285
694183373896572928,964,3029
694001791655137281,1062,3490
693993230313091072,416,1924
693942351086120961,381,1786
693647888581312512,609,2769
693644216740769793,129,1379
693642232151285760,426,2608
693629975228977152,819,2517
693622659251335168,380,1584
693590843962331137,2037,5196
693582294167244802,262,1693
693486665285931008,654,1830
693280720173801472,1274,3461
693267061318012928,839,2452
693262851218264065,516,2285
693231807727280129,756,2946
693155686491000832,3322,8089
693109034023534592,641,1769
693095443459342336,479,1917
692919143163629568,777,2736
692905862751522816,906,2503
692901601640583168,622,1822
692894228850999298,833,2341
692828166163931137,910,2960
692752401762250755,3760,7015
692568918515392513,1591,4475
692535307825213440,1410,3273
692530551048294401,427,1892
692423280028966913,238,1519
692417313023332352,3597,9583
692187005137076224,847,2596
692158366030913536,815,2204
692142790915014657,407,1690
692041934689402880,1311,3493
692017291282812928,991,2944
691820333922455552,1723,4064
691793053716221953,4365,8361
691756958957883396,1049,2954
691675652215414786,524,2003
691483041324204033,579,2448
691459709405118465,1184,4159
691444869282295808,874,2727
691416866452082688,7905,19866
691321916024623104,677,2643
691096613310316544,909,3044
691090071332753408,347,1761
690989312272396288,2975,6065
690959652130045952,1297,3687
690938899477221376,2056,4233
690932576555528194,1063,3381
690735892932222976,1307,3892
690728923253055490,536,2239
690690673629138944,830,2390
690649993829576704,288,1347
690607260360429569,17,300
690597161306841088,630,2021
690400367696297985,469,1929
690374419777196032,877,3351
690360449368465409,919,2727
690348396616552449,535,1552
690248561355657216,429,1725
690021994562220032,1066,2872
690015576308211712,761,2579
690005060500217858,1748,3768
689999384604450816,384,1469
689993469801164801,467,1500
689977555533848577,466,1408
689905486972461056,719,2502
689877686181715968,1217,3113
689835978131935233,772,2222
689661964914655233,957,3298
689659372465688576,4024,10655
689623661272240129,661,2292
689599056876867584,5732,11970
689557536375177216,472,2109
689517482558820352,1482,3497
689289219123089408,974,2317
689283819090870273,1145,3378
689280876073582592,738,2043
689275259254616065,249,1186
689255633275777024,1118,2629
689154315265683456,1028,3158
689143371370250240,526,2066
688916208532455424,903,2803
688908934925697024,804,2176
688898160958271489,817,2160
688894073864884227,718,2302
688828561667567616,384,1417
688804835492233216,198,990
688789766343622656,681,2282
688547210804498433,725,2687
688519176466644993,752,2385
688385280030670848,4613,9556
688211956440801280,860,2295
688179443353796608,605,2184
688116655151435777,806,2914
688064179421470721,370,1783
687841446767013888,2612,5622
687826841265172480,1171,2814
687818504314159109,987,2554
687807801670897665,734,2461
687732144991551489,683,1810
687704180304273409,867,2504
687664829264453632,523,1994
687494652870668288,591,1961
687480748861947905,249,1646
687476254459715584,552,2038
687460506001633280,561,2121
687399393394311168,643,1954
687317306314240000,9474,20706
687312378585812992,1959,4486
687127927494963200,2373,5616
687124485711986689,515,2236
687109925361856513,2555,5980
687102708889812993,1015,2409
687096057537363968,623,2312
686947101016735744,3300,8859
686760001961103360,1427,3627
686749460672679938,1504,3580
686730991906516992,1239,4266
686683045143953408,833,2905
686618349602762752,1408,3797
686606069955735556,558,1955
686394059078897668,708,1788
686386521809772549,908,3352
686377065986265092,586,2275
686358356425093120,701,2254
686286779679375361,1717,4113
686050296934563840,746,2265
686035780142297088,123,1190
686034024800862208,1197,3207
686007916130873345,430,2563
686003207160610816,662,1878
685973236358713344,539,2174
685943807276412928,619,1674
685906723014619143,3010,7726
685681090388975616,129,2088
685667379192414208,594,2415
685663452032069632,1516,3352
685641971164143616,810,3020
685547936038666240,16260,33903
685532292383666176,1204,3124
685325112850124800,4129,9746
685321586178670592,669,2727
685315239903100929,1105,3440
685307451701334016,459,2132
685268753634967552,1243,3195
685198997565345792,692,2406
685169283572338688,1478,4225
684969860808454144,387,2437
684959798585110529,3237,7004
684940049151070208,1080,3316
684926975086034944,481,3598
684914660081053696,1521,3609
684902183876321280,553,1932
684880619965411328,852,2163
684830982659280897,22444,36055
684800227459624960,1041,2800
684594889858887680,3650,9180
684588130326986752,1458,4228
684567543613382656,1274,3102
684538444857667585,987,2722
684481074559381504,1212,3994
684460069371654144,575,2039
684241637099323392,3411,8392
684225744407494656,217,1270
684222868335505415,1420,3937
684200372118904832,1066,2226
684195085588783105,536,1969
684188786104872960,1222,3588
684177701129875456,691,2070
684147889187209216,1558,3063
684122891630342144,488,2060
684097758874210310,1484,4233
683857920510050305,1153,3915
683852578183077888,363,1984
683849932751646720,1004,2682
683834909291606017,1150,2703
683828599284170753,1101,2888
683773439333797890,1403,3432
683742671509258241,3447,6685
683515932363329536,3008,7553
683498322573824003,997,3259
683481228088049664,1033,2720
683462770029932544,699,2494
683449695444799489,1663,4010
683391852557561860,2473,7853
683357973142474752,966,3012
683142553609318400,1079,2968
683111407806746624,941,3498
683098815881154561,683,2228
683078886620553216,581,2040
683030066213818368,760,2217
682962037429899265,17276,37987
682808988178739200,184,1827
682788441537560576,1153,2541
682750546109968385,455,1563
682697186228989953,373,1349
682662431982772225,1125,3141
682638830361513985,628,2118
682429480204398592,1205,3527
682406705142087680,1825,7798
682393905736888321,705,2299
682389078323662849,483,1711
682303737705140231,1036,3151
682259524040966145,1254,4276
682242692827447297,1219,3346
682088079302213632,10256,18819
682059653698686977,1755,5088
682047327939461121,993,3282
682032003584274432,2095,6772
682003177596559360,1581,3233
681981167097122816,1072,2882
681891461017812993,849,2538
681694085539872773,4211,13140
681679526984871937,464,1815
681654059175129088,962,2712
681610798867845120,488,1963
681579835668455424,1348,3645
681523177663676416,6002,14708
681340665377193984,292,1685
681339448655802368,4225,9555
681320187870711809,774,2719
681302363064414209,1885,4061
681297372102656000,996,3296
681281657291280384,1137,3308
681261549936340994,286,1498
681242418453299201,557,1528
681231109724700672,504,2470
681193455364796417,1537,3806
680970795137544192,686,2487
680959110691590145,2069,4694
680940246314430465,1087,3295
680934982542561280,450,2131
680913438424612864,642,2468
680889648562991104,379,1811
680836378243002368,1373,3553
680805554198020098,685,2212
680801747103793152,845,2438
680798457301471234,1073,2925
680609293079592961,733,2707
680583894916304897,1384,3723
680497766108381184,1981,4350
680494726643068929,502,1766
680473011644985345,767,2617
680440374763077632,523,1495
680221482581123072,302,1501
680206703334408192,1218,2914
680191257256136705,522,2205
680176173301628928,1614,3999
680161097740095489,762,2388
680145970311643136,1807,3706
680130881361686529,981,2345
680115823365742593,935,2787
680100725817409536,1424,3670
680085611152338944,9264,13127
680070545539371008,907,2649
679877062409191424,673,2023
679872969355714560,688,2235
679862121895714818,647,2511
679854723806179328,1274,2932
679844490799091713,787,2429
679828447187857408,14482,37205
679777920601223168,1150,3166
679736210798047232,822,2146
679729593985699840,852,2219
679722016581222400,482,1694
679530280114372609,2152,4889
679527802031484928,747,2704
679511351870550016,1309,3454
679503373272485890,1521,3220
679475951516934144,657,2141
679462823135686656,19468,32494
679405845277462528,1241,2428
679158373988876288,8325,21911
679148763231985668,1064,2841
679132435750195208,1198,3040
679111216690831360,2640,6112
679062614270468097,8438,17432
679047485189439488,696,2299
679001094530465792,1268,2900
678991772295516161,1212,2367
678969228704284672,480,1686
678800283649069056,932,2639
678798276842360832,1210,3537
678774928607469569,942,2872
678767140346941444,1401,3623
678764513869611008,491,1678
678755239630127104,3386,7291
678740035362037760,1732,3844
678708137298427904,2498,5703
678675843183484930,1517,2926
678643457146150913,436,2093
678446151570427904,1611,4088
678424312106393600,2613,5537
678410210315247616,1873,4327
678399652199309312,32730,80893
678396796259975168,428,1623
678389028614488064,435,1909
678380236862578688,935,2492
678341075375947776,549,1764
678334497360859136,265,1329
678278586130948096,6256,11667
678255464182861824,378,1625
678023323247357953,393,1965
678021115718029313,6520,14011
677961670166224897,1732,3488
677918531514703872,425,1379
677895101218201600,2155,4928
677716515794329600,993,3120
677700003327029250,1487,3456
677698403548192770,331,1257
677687604918272002,867,2530
677673981332312066,1540,3391
677662372920729601,989,1974
677644091929329666,819,1892
677573743309385728,737,2169
677565715327688705,470,1323
677557565589463040,1184,2484
677547928504967168,3753,7041
677530072887205888,234,1091
677335745548390400,1836,3093
677334615166730240,296,1373
677331501395156992,241,1115
677328882937298944,1542,3694
677314812125323265,544,1672
677301033169788928,418,1256
677269281705472000,722,2032
677228873407442944,1678,3598
677187300187611136,945,2786
676975532580409345,1104,2831
676957860086095872,827,2261
676949632774234114,406,1331
676948236477857792,889,2211
676946864479084545,383,1746
676942428000112642,772,2109
676936541936185344,5014,12913
676916996760600576,1829,3015
676897532954456065,733,2286
676864501615042560,727,2129
676821958043033607,15957,23392
676819651066732545,684,1835
676811746707918848,432,1439
676776431406465024,2063,5080
676617503762681856,1002,2942
676613908052996102,203,1098
676606785097199616,448,1907
676603393314578432,389,1177
676593408224403456,2194,4640
676590572941893632,128,925
676588346097852417,806,2349
676582956622721024,286,1216
676575501977128964,1139,2624
676533798876651520,566,1898
676496375194980353,542,1540
676470639084101634,4775,11756
676440007570247681,681,1739
676430933382295552,352,1414
676263575653122048,562,2102
676237365392908289,297,1238
676219687039057920,31637,76483
676215927814406144,595,1765
676191832485810177,1055,2308
676146341966438401,669,1937
676121918416756736,1181,2182
676101918813499392,1186,2844
676098748976615425,1456,3045
676089483918516224,445,1331
675898130735476737,584,1640
675891555769696257,877,2153
675888385639251968,976,2410
675878199931371520,1421,4212
675870721063669760,580,1653
675853064436391936,1321,2716
675849018447167488,149,943
675845657354215424,901,2297
675822767435051008,548,1538
675820929667219457,236,1057
675798442703122432,3453,10360
675781562965868544,484,1640
675740360753160193,352,1180
675710890956750848,833,1906
675707330206547968,702,1995
675706639471788032,100,649
675534494439489536,426,1837
675531475945709568,390,1195
675522403582218240,294,1049
675517828909424640,468,1298
675501075957489664,5917,17293
675497103322386432,1319,3164
675489971617296384,612,1310
675483430902214656,991,1848
675432746517426176,576,1533
675372240448454658,521,1700
675362609739206656,236,1057
675354435921575936,17251,32971
675349384339542016,2297,3949
675334060156301312,1309,2793
675166823650848770,1630,3636
675153376133427200,2625,6321
675149409102012420,1705,3756
675147105808306176,240,945
675146535592706048,316,1198
675145476954566656,916,2147
675135153782571009,500,1303
675113801096802304,797,1959
675111688094527488,258,971
675109292475830276,1148,2811
675047298674663426,333,1067
675015141583413248,1205,2721
675006312288268288,231,994
675003128568291329,477,1568
674999807681908736,1112,2259
674805413498527744,359,861
674800520222154752,871,3035
674793399141146624,1097,2517
674790488185167872,252,1112
674788554665512960,211,820
674781762103414784,1216,2009
674774481756377088,480,1123
674767892831932416,797,1833
674764817387900928,242,789
674754018082705410,453,1365
674752233200820224,472,1462
674743008475090944,559,1409
674742531037511680,51,489
674739953134403584,395,1110
674737130913071104,94,646
674690135443775488,470,1149
674670581682434048,658,1606
674664755118911488,257,924
674646392044941312,500,1445
674644256330530816,270,1025
674638615994089473,589,1689
674632714662858753,584,1510
674606911342424069,101,942
674468880899788800,2061,6246
674447403907457024,357,1063
674436901579923456,396,1116
674422304705744896,542,1441
674416750885273600,142,681
674410619106390016,472,1203
674394782723014656,581,1513
674372068062928900,320,849
674330906434379776,74,564
674318007229923329,521,1425
674307341513269249,7014,11352
674291837063053312,5934,14766
674271431610523648,738,1577
674269164442398721,227,908
674265582246694913,856,1656
674262580978937856,459,1304
674255168825880576,557,1465
674082852460433408,172,756
674075285688614912,292,985
674063288070742018,2224,6370
674053186244734976,1311,3325
674051556661161984,492,1446
674045139690631169,645,1423
674042553264685056,130,725
674038233588723717,417,1104
674036086168010753,213,850
674024893172875264,1227,1789
674019345211760640,302,1130
674014384960745472,644,1562
674008982932058114,357,1199
673956914389192708,965,1950
673919437611909120,375,1170
673906403526995968,1636,3195
673887867907739649,254,928
673716320723169284,752,3077
673715861853720576,2082,3539
673711475735838725,302,1038
673709992831262724,277,847
673708611235921920,288,1080
673707060090052608,395,1098
673705679337693185,406,1250
673700254269775872,570,1440
673697980713705472,1954,3798
673689733134946305,656,1734
673688752737402881,500,1267
673686845050527744,444,1435
673680198160809984,472,1372
673662677122719744,366,1252
673656262056419329,243,719
673636718965334016,361,1099
673612854080196609,726,1595
673583129559498752,364,1184
673580926094458881,274,834
673576835670777856,564,1386
673363615379013632,307,1021
673359818736984064,673,1449
673355879178194945,574,1487
673352124999274496,537,1652
673350198937153538,216,745
673345638550134785,1273,2500
673343217010679808,272,967
673342308415348736,588,1268
673320132811366400,7937,13432
673317986296586240,261,875
673295268553605120,3168,7509
673270968295534593,368,1058
673240798075449344,734,1415
673213039743795200,844,2240
673148804208660480,632,1679
672997845381865473,725,1967
672995267319328768,294,949
672988786805112832,295,980
672984142909456390,545,1252
672980819271634944,1014,1818
672975131468300288,904,1672
672970152493887488,359,941
672968025906282496,547,1308
672964561327235073,640,1412
672902681409806336,508,1358
672898206762672129,427,903
672884426393653248,838,1540
672877615439593473,364,1029
672834301050937345,568,1307
672828477930868736,494,1251
672640509974827008,324,973
672622327801233409,491,1296
672614745925664768,586,1217
672609152938721280,388,1107
672604026190569472,401,1105
672594978741354496,608,1322
672591762242805761,334,946
672591271085670400,184,720
672538107540070400,365,1025
672523490734551040,172,633
672488522314567680,440,1104
672482722825261057,598,1127
672481316919734272,124,716
672475084225949696,700,1423
672466075045466113,536,1351
672272411274932228,3373,6425
672267570918129665,618,1490
672264251789176834,338,1135
672256522047614977,1544,2799
672254177670729728,743,1423
672248013293752320,607,1713
672245253877968896,160,680
672239279297454080,322,890
672231046314901505,1010,1825
672222792075620352,214,779
672205392827572224,1158,2254
672169685991993344,369,1011
672160042234327040,357,871
672139350159835138,702,1743
672125275208069120,1144,2392
672095186491711488,371,1001
672082170312290304,365,935
672068090318987265,518,1285
671896809300709376,4154,8469
671891728106971137,576,1326
671882082306625538,1380,3449
671879137494245376,676,1409
671874878652489728,555,1242
671866342182637568,493,1109
671855973984772097,440,903
671789708968640512,3482,7036
671768281401958400,512,1185
671763349865160704,918,1671
671744970634719232,775,1350
671743150407421952,235,743
671735591348891648,750,1435
671729906628341761,4340,8464
671561002136281088,7214,12750
671550332464455680,208,907
671547767500775424,599,1346
671544874165002241,1045,1967
671542985629241344,563,1087
671538301157904385,398,924
671536543010570240,405,1162
671533943490011136,581,1012
671528761649688577,262,838
671520732782923777,529,1397
671518598289059840,292,951
671511350426865664,718,1598
671504605491109889,3536,6973
671497587707535361,444,907
671488513339211776,467,1008
671486386088865792,201,576
671485057807351808,232,758
671390180817915904,737,1429
671362598324076544,295,1099
671357843010908160,148,397
671355857343524864,115,480
671347597085433856,426,951
671186162933985280,209,734
671182547775299584,344,1113
671166507850801152,350,867
671163268581498880,1103,1652
671159727754231808,82,370
671154572044468225,218,709
671151324042559489,153,665
671147085991960577,224,666
671141549288370177,657,1153
671138694582165504,401,915
671134062904504320,196,744
671122204919246848,2509,3478
671115716440031232,777,1364
671109016219725825,438,1135
670995969505435648,292,1102
670842764863651840,8673,24488
670840546554966016,193,589
670838202509447168,692,1101
670833812859932673,123,440
670832455012716544,217,728
670826280409919488,4038,5507
670823764196741120,187,768
670822709593571328,94,605
670815497391357952,1534,3156
670811965569282048,271,1120
670807719151067136,492,1151
670804601705242624,958,1942
670803562457407488,87,340
670797304698376195,238,735
670792680469889025,277,824
670789397210615808,243,656
670786190031921152,201,600
670783437142401025,389,817
670782429121134593,769,1549
670780561024270336,287,781
670778058496974848,72,325
670764103623966721,417,1064
670755717859713024,109,436
670733412878163972,511,957
670727704916926465,360,819
670717338665226240,496,1199
670704688707301377,372,766
670691627984359425,244,590
670679630144274432,279,745
670676092097810432,42,245
670668383499735048,5014,10651
670474236058800128,745,1506
670468609693655041,86,350
670465786746662913,551,971
670452855871037440,204,545
670449342516494336,656,1188
670444955656130560,1978,6693
670442337873600512,199,639
670435821946826752,513,1048
670434127938719744,647,1392
670433248821026816,114,327
670428280563085312,620,1370
670427002554466305,162,521
670421925039075328,628,1297
670420569653809152,314,626
670417414769758208,316,567
670411370698022913,889,2008
670408998013820928,223,554
670403879788544000,155,431
670385711116361728,204,551
670374371102445568,269,745
670361874861563904,66,327
670338931251150849,110,421
670319130621435904,1223,3856
670303360680108032,130,427
670290420111441920,284,698
670093938074779648,333,1020
670086499208155136,250,693
670079681849372674,1226,2215
670073503555706880,783,1568
670069087419133954,237,623
670061506722140161,338,762
670055038660800512,332,667
670046952931721218,173,643
670040295598354432,110,751
670037189829525505,273,585
670003130994700288,92,332
669993076832759809,84,325
669972011175813120,159,444
669970042633789440,59,302
669942763794931712,161,500
669926384437997569,101,370
669923323644657664,55,231
669753178989142016,398,804
669749430875258880,65,264
669684865554620416,89,512
669683899023405056,111,386
669682095984410625,134,347
669680153564442624,288,661
669661792646373376,432,799
669625907762618368,1809,3509
669603084620980224,364,943
669597912108789760,151,512
669583744538451968,923,1485
669573570759163904,139,431
669571471778410496,1015,1582
669567591774625800,55,233
669564461267722241,123,382
669393256313184256,75,363
669375718304980992,728,1323
669371483794317312,179,496
669367896104181761,153,458
669363888236994561,224,615
669359674819481600,122,370
669354382627049472,1277,2693
669353438988365824,263,639
669351434509529089,185,434
669328503091937280,419,1015
669327207240699904,115,573
669324657376567296,207,495
669216679721873412,404,1186
669214165781868544,165,436
669203728096960512,474,999
669037058363662336,311,648
669015743032369152,374,735
669006782128353280,249,573
669000397445533696,6350,20787
668994913074286592,227,439
668992363537309700,344,740
668989615043424256,328,677
668988183816871936,466,892
668986018524233728,169,551
668981893510119424,304,533
668979806671884288,350,794
668975677807423489,575,1298
668967877119254528,22,146
668960084974809088,236,698
668955713004314625,72,277
668932921458302977,58,262
668902994700836864,102,316
668892474547511297,152,395
668872652652679168,300,519
668852170888998912,166,451
668826086256599040,136,430
668815180734689280,267,570
668779399630725120,373,705
668655139528511488,219,528
668645506898350081,523,882
668643542311546881,529,871
668641109086707712,538,1072
668636665813057536,485,1033
668633411083464705,1620,2786
668631377374486528,314,708
668627278264475648,114,314
668625577880875008,131,384
668623201287675904,761,1412
668620235289837568,41,199
668614819948453888,313,610
668587383441514497,1066,1666
668567822092664832,52,242
668544745690562560,220,509
668542336805281792,215,449
668537837512433665,73,250
668528771708952576,224,454
668507509523615744,104,321
668496999348633600,130,410
668484198282485761,233,420
668480044826800133,146,456
668466899341221888,515,876
668297328638447616,294,614
668291999406125056,29,239
668286279830867968,135,500
668274247790391296,228,814
668268907921326080,233,549
668256321989451776,607,1294
668248472370458624,480,974
668237644992782336,2827,6146
668226093875376128,102,297
668221241640230912,193,509
668204964695683073,193,553
668190681446379520,195,653
668171859951755264,192,484
668154635664932864,312,488
668142349051129856,280,567
668113020489474048,236,662
667937095915278337,779,1246
667924896115245057,113,297
667915453470232577,55,208
667911425562669056,302,487
667902449697558528,373,841
667886921285246976,1082,1869
667885044254572545,476,808
667878741721415682,116,388
667873844930215936,398,620
667866724293877760,1019,2983
667861340749471744,76,237
667832474953625600,61,290
667806454573760512,488,1046
667801013445750784,96,326
667793409583771648,329,693
667782464991965184,244,404
667773195014021121,55,234
667766675769573376,213,439
667728196545200128,147,376
667724302356258817,315,477
667550904950915073,34,0
667550882905632768,32,0
667549055577362432,2255,5729
667546741521195010,121,334
667544320556335104,520,853
667538891197542400,65,202
667534815156183040,524,808
667530908589760512,234,460
667524857454854144,1095,1675
667517642048163840,189,366
667509364010450944,2096,6705
667502640335572993,216,528
667495797102141441,263,510
667491009379606528,223,526
667470559035432960,97,252
667455448082227200,59,188
667453023279554560,88,306
667443425659232256,566,770
667437278097252352,232,444
667435689202614272,83,303
667405339315146752,218,458
667393430834667520,53,190
667369227918143488,161,359
667211855547486208,241,484
667200525029539841,257,602
667192066997374976,102,380
667188689915760640,408,732
667182792070062081,6091,14151
667177989038297088,55,188
667176164155375616,455,604
667174963120574464,80,237
667171260800061440,85,218
667165590075940865,1120,2640
667160273090932737,61,253
667152164079423490,16721,46991
667138269671505920,2165,4538
667119796878725120,127,324
667090893657276420,124,329
667073648344346624,122,394
667070482143944705,14,82
667065535570550784,46,163
667062181243039745,52,213
667044094246576128,49,181
667012601033924608,216,440
666996132027977728,91,240
666983947667116034,965,2509
666837028449972224,544,799
666835007768551424,79,208
666826780179869698,93,247
666817836334096384,245,504
666804364988780544,91,230
666786068205871104,477,739
666781792255496192,186,375
666776908487630848,171,339
666739327293083650,64,228
666701168228331520,213,423
666691418707132416,46,184
666649482315059201,601,1095
666644823164719104,77,226
666454714377183233,204,503
666447344410484738,19,99
666437273139982337,46,119
666435652385423360,52,160
666430724426358785,188,306
666428276349472768,81,158
666421158376562688,111,309
666418789513326592,44,118
666411507551481857,316,425
666407126856765440,37,103
666396247373291520,81,160
666373753744588802,86,179
666362758909284353,543,749
666353288456101888,71,211
666345417576210432,130,282
666337882303524864,88,189
666293911632134144,336,482
666287406224695296,63,141
666273097616637952,75,166
666268910803644416,32,99
666104133288665088,6224,13854
666102155909144576,11,75
666099513787052032,63,147
666094000022159362,69,158
666082916733198337,42,109
666073100786774016,153,310
666071193221509120,55,140
666063827256086533,205,457
666058600524156928,56,108
666057090499244032,133,281
666055525042405380,229,421
666051853826850816,814,1177
666050758794694657,56,129
666049248165822465,41,103
666044226329800704,135,286
666033412701032449,43,121
666029285002620928,46,125
666020888022790149,487,2491
